barbecue,烤肉/烤,/bɑ:bikju:/
chips,炸土豆条（片）,/tʃips/
biscuit,饼干,/'biskit/
bottle,瓶子,/'bɒtl/
chocolate,巧克力,/'tʃɒklət/
coffee,咖啡,/'kɒfi/
cook,厨师；做饭,/kʊk/
cooker,炊具,/'kukə(r)/
cream,奶油,/kri:m/
dinner,晚餐,/'dinə(r)/
ice cream,冰淇淋,/ˌaɪs ˈkriːm/
jam,果酱,/dʒæm/
juice,果汁,/dʒu:s/
kitchen,厨房,/'kitʃən/
knife,刀,/naif/
lemon,柠檬,/'lemən/
pizza,比萨饼,/'pi:tsə/
plate,"碟,盘",/pleit/
potato,土豆,/pə'teitəu/
salad,"沙拉,凉菜",/'sæləd/
salt,盐,/sɔ:lt/
bowl,碗,/bəul/
breakfast,早餐,/'brekfəst/
burger,汉堡包,/bɜ:gə(r)/
butter,黄油,/'bʌtə(r)/
carrot,胡萝卜,/'kærət/
cheese,"乳酪,奶酪",/tʃi:z/
chicken,"小鸡,鸡肉；鸡肉；小鸡",/'tʃikin/
dish,"盘子,一盘菜",/diʃ/
drink,饮料,/driŋk/
fork,叉,/fɔ:k/
fridge,电冰箱,/fridʒ/
fruit,水果,/fruːt/
grape,葡萄,/greip/
steak,牛排,/steik/
sugar,糖,/'ʃugə(r)/
tomato,西红柿,/tə'mɑ:təu/
vegetable,蔬菜,/'vedʒitəbl/
waiter,服务员；男服务员；服务员（男）,/'weitə(r)/
waitress,女服务员,/'weitris/
onion,洋葱,/'ʌnjən/
meat,肉,/miːt/
pepper,胡椒,/'pepə(r)/
lemonade,柠檬水
main course,主菜,/mein-kɔ:s/
menu,菜单,/ˈmenjuː/
mineral water,矿泉水,/'minərəl-'wɔ:tə(r)/
pasta,意大利面；意面,/'pæstə/
picnic,野餐,/'piknik/
sandwich,三明治,/'sænwidʒ/
slice,薄的切片,/slais/
snack,"小吃,零食",/snæk/
soup,汤,/su:p/
cake,蛋糕,/keɪk/
omelette,煎蛋,/'ɒmlit/
meal,"一餐,一顿饭",/mi:l/
grill,烧烤架,/gril/
boil,煮沸,/bɔil/
roast,"烤,烘焙",/rəust/
burn,"燃烧；,烧着 燃烧",/bɜ:n/
hungry,饥饿的,/'hʌŋgri/
fried,油炸的,/fraid/
sweet,甜的；糖果；甜的,/swiːt/
thirsty,口渴的,/'θɜ:sti/
grilled,烤的,/grild/
cleaner,清洁工
customer,顾客,/ˈkʌstəmə/
engineer,工程师,/ˌendʒɪˈnɪə/
painter,画家
driver,司机,/ˈdraɪvə/
photographer,摄影师
actor,男演员；演员（男）,/ˈæktə/
doctor,医生,/ˈdɒktə/
artist,艺术家,/' ɑ:tist/
chemist,",药剂师 化学家",/'kemist/
dentist,牙科；牙科医生；牙医,/ˈdentɪst/
journalist,记者
receptionist,接待员
colleagur,同事
guest,客人,/gest/
guide,",指南 引导者",/gaid/
mechanic,机械工；机械师
nurse,护士,/nɜːs/
pilot,飞行员,/ˈpaɪlət/
secretary,秘书
shop assistan/t??p,店员
staff,",同事 全体人员",/st ɑ:f/
tour gride,导游
businessman,商人,/ˈbɪznəsmən/
company,公司,/ˈkʌmpəni/
computer,电脑,/kəmˈpjuːtə/
diploma,文凭
earn,",获得 赚得"
instruction,说明书
occupation,职业
pharmacy,药房
uniform,制服；校服,/ˈjuːnɪfɔːm/
appointment,"约会；,预约 约会"
assistant,助手；店员,/əˈsɪstənt/
exhitition,展览
morning,早晨,/ˈmɔːnɪŋ/
afternoon,下午,/ˌɑːftəˈnuːn/
evening,",晚上 傍晚",/ˈiːvnɪŋ/
January,一月,/ˈdʒænjuəri/
February,二月,/ˈfebruəri/
March,三月,/mɑːtʃ/
April,四月,/ˈeɪprəl/
May,五月,/meɪ/
June,六月,/dʒuːn/
July,七月,/dʒuˈlaɪ/
August,八月,/ˈɔːɡəst/
September,九月,/sepˈtembə/
October,十月,/ɒkˈtəʊbə/
November,十一月,/nəʊˈvembə/
December,十二月,/dɪˈsembə/
Spring,春季；春天,/sprɪŋ/
Summer,夏季；夏天,/ˈsʌmə/
Autumn,秋季；秋天,/ˈɔːtəm/
Fall,秋季
Winter,冬季；冬天,/ˈwɪntə/
Sunday,星期日,/ˈsʌndeɪ/
Monday,星期一,/ˈmʌndeɪ/
Tuesday,星期二,/ˈtjuːzdeɪ/
Wednesday,星期三,/ˈwenzdeɪ/
Thursday,星期四,/ˈθɜːzdeɪ/
Friday,星期五,/ˈfraɪdeɪ/
Saturday,星期六,/ˈsætədeɪ/
noon,中午,/nu:n/
night,晚上；夜晚,/naɪt/
midnight,半夜
moment,瞬间；片刻
weekend,周末,/ˌwiːkˈend/
eye,眼睛,/aɪ/
nose,",突出部分 鼻子",/nəʊz/
tooth,牙齿,/tuːθ/
hair,头发,/heə/
mouth,"嘴,开口；嘴巴",/maʊθ/
neck,",颈 脖子",/nek/
hand,"手,掌握 ,协助",/hænd/
arm,",袖子 手臂",/ɑ:m/
knee,膝盖,/ni:/
foot,脚(复数 feet),/fʊt/
shoulder,肩膀
finger,手指,/ˈfɪŋɡə/
leg,腿,/leɡ/
heart,"心,中心 ,要点",/h ɑ:t/
stomach,胃
brain,大脑
headache,头疼；头痛,/ˈhedeɪk/
stomachache,胃疼
toothache,牙疼
catch a cold,感冒
earache,耳朵疼
run a temperatu/rr?en,发烧
have a cough,咳嗽
heart attack,心脏病
cancer,癌症
accident,",意外的事 事故"
medicine,"药,医学",/ˈmedsn/
problem,问题
pain,",疼痛 ,辛 痛苦 苦",/pein/
ambulance,救护车
comb,",鸡冠 头梳"
hospital,医院,/ˈhɒspɪtl/
insurance,保险
soap,肥皂
toothbrush,牙刷
hurt,",(使)疼痛 伤害"
feel,感觉,/fi:l/
check,检查
die,死,/dai/
lie down,躺下,/lai daun/
break,",打断 ,休 中断 息；休息",/breɪk/
dead,死的,/ded/
sick,",生病的 恶心的",/sɪk/
dangerous,危险的
grandma,",外婆 奶奶"
grandpa,",外公 爷爷"
father,父亲
mother,母亲
uncle,"伯,舅,叔,姨父；叔叔，舅舅",/ˈʌŋkl/
aunt,",姑,婶,姨 伯母；阿姨，姑姑",/ɑ:nt/
brother,兄弟
cousin,堂(表)兄弟姐妹；表兄妹,/ˈkʌzn/
sister,姐妹
child,小孩
daughter,女儿,/ˈdɔːtə/
family,家庭
grandchild,孙
granddaughter,",外孙女 孙女"
grandfather,(外)祖父；祖父，外公
grandmother,(外)祖母；祖母，外婆,/ˈɡrænmʌðə/
grandson,",外孙 孙子"
dad,(口语 )爸爸
mum,(口语 )妈妈
love,"爱,恋爱"
married,已婚的
Mr.,(=Mister) 先生
Mrs.,(已婚 ) 女士
Ms.,(通用 ) 女士,/miz/
neighbour,邻居
pen-friend,笔友,/'penfr'end/
surname,姓
teenager,青少年,/ˈtiːneɪdʒə/
friend,朋友,/frend/
husband,丈夫,/ˈhʌzbənd/
wife,妻子,/waɪf/
advertisement,广告
art,艺术,/ɑ:t/
band,乐队
camera,照相机,/ˈkæmərə/
cassette,盒式录音带,/k ɑ:'set/
competition,",竞争 比赛"
concert,音乐会
conversation,",谈话 会话"
drum,"鼓,鼓声"
exhibition,",展览会 展览"
email,电子邮件,/ˈiːmeɪl/
guidebook,旅行指南
guitar,吉他,/gi't ɑ:/
information,信息
internet,因特网；互联网,/ˈɪntənet/
magazine,杂志
mobile phone,手机,/ˈməʊbaɪl fəʊn/
mouse,",鼠标 老鼠",/maʊs/
museum,博物馆,/mjuˈziːəm/
opera,歌剧
photography,摄影术,/fəˈtɒɡrəfi/
practice,",实践 练习"
prize,"奖,奖品",/praiz/
programme,",程序 节目"
project,",项目 工程"
website,网站,/ˈwebsaɪt/
present,",现在 礼物",/pri'zent/
address,地址
bathroom,浴室,/'b ɑ: θrum/
bedroom,卧室,/ˈbedruːm/
blanket,毛毯
bookshelf,书架
chair,椅子,/tʃeə/
cupboard,衣橱
dining room,饭厅
downstairs,楼下/ 楼下的
flat,公寓；公寓/ 平坦的,/flæt/
floor,",楼层 地板"
furniture,家具
garage,"车库；,汽车修理厂 车库"
garden,花园,/'g ɑ:dn/
gate,大门,/geit/
hall,大厅
living room,客厅,/ˈlɪvɪŋ ruːm/
pillow,枕头
roof,屋顶,/ru:f/
shower,淋浴
sitting room,客室
sofa,沙发
toilet,",盥洗室 厕所"
towel,毛巾
light,浅色的,/lait/
dark,深色的,/d ɑ:k/
black,黑色的
blue,蓝色的,/blu:/
brown,棕色的,/braun/
green,绿色的,/gri:n/
grey,灰色的,/grei/
orange,橙色的；橙子；橙色,/ˈɒrɪndʒ/
pink,粉红色的
purple,紫色的
red,红色的,/red/
white,白色的,/wait/
yellow,黄色的
blonde,金色的
centimeter,厘米
degree,度数,/di'gri:/
gram,克
kilo,千克
kilometre,",千米 公里"
litre,公升
metre,",公尺 米"
mile,英里,/mail/
minute,分钟,/ˈmɪnɪt/
quarter,四分之一
second,秒,/ˈsekənd/
temperature,温度,/ˈtemprətʃə/
week,",周 星期",/wiːk/
bill,帐单；账单,/bɪl/
book,"书,预订",/buk/
card,卡片；银行卡,/k ɑ:d/
form,表格
licence,",许可证 执照"
message,",信息 消息",/ˈmesɪdʒ/
newspaper,报纸
note,"笔记, 备忘录"
passport,护照,/ˈpɑːspɔːt/
postcard,明信片
afterwards,",后来 以后"
bag,包
belt,腰带,/belt/
blouse,女式衬衫,/blauz/
boot,靴子,/bu:t/
clothes,衣服,/kləʊðz/
coat,外套,/kəʊt/
dress,",连衣裙 女装",/dres/
glasses,眼镜,/ˈɡlɑːsɪz/
hat,帽子,/hæt/
jacket,短上衣；夹克,/ˈdʒækɪt/
pocket,口袋
purse,(女士 ) 钱包
raincoat,雨衣,/ˈreɪnkəʊt/
shirt,衬衫,/ʃɜːt/
shoe,鞋
shorts,短裤,/ʃɔːts/
skirt,裙子,/skɜːt/
suit,套装；西装,/suːt/
sweater,毛衣,/ˈswetə/
tights,", 紧身衣 连裤袜",/taits/
trainers,",运动鞋 ,教员 练习器",/ˈtreɪnəz/
trousers,裤子；长裤,/ˈtraʊzəz/
try on,试穿,/traɪ ɒn/
T-shirt,T恤衫,/ˈtiː ʃɜːt/
umbrella,伞；雨伞,/ʌmˈbrelə/
wallet,"皮夹, 钱包( 男士)"
wear,穿著；穿；戴,/weə/
comfortable,舒适的
leather,皮质的
jeans,牛仔裤,/dʒiːnz/
apartment,公寓,/əˈpɑːtmənt/
bank,",堤,岸 银行"
machine,机器
bookshop,书店,/ˈbʊkʃɒp/
building,建筑物,/ˈbɪldɪŋ/
bus station,公共汽车站
cafe,咖啡馆,/ˈkæfeɪ/
campsite,营地
castle,城堡,/'k ɑ:sl/
cathedral,大教堂
centre,中心
church,教堂,/tʃɜːtʃ/
cinema,电影院,/ˈsɪnəmə/
club,俱乐部
city,城市,/'siti/
college,学院,/ˈkɒlɪdʒ/
corner,",转角 角落"
department store,百货公司,/dɪˈpɑːtmənt stɔː/
disco,迪斯科舞
entrance,入口
exit,出口,"/'eksit,-zit/"
factory,工厂
farm,",农田 农场",/f ɑ:m/
guesthouse,旅社，宾馆
hotel,",宾馆 旅馆；酒店",/həʊˈtel/
library,图书馆,/ˈlaɪbrəri/
lift,",电梯 举起",/lift/
market,",交易 市场",/'m ɑ:kit/
newsagent,报刊经销商
post office,邮局
restaurant,",饭店 餐馆；餐厅",/ˈrestrɒnt/
ruin,",毁灭 废墟"
sports centre,体育中心
square,正方形广场,/skweə/
stadium,体育场,/ˈsteɪdiəm/
supermarket,超级市场；超市,/ˈsuːpəmɑːkɪt/
theatre,",戏院 剧场；剧院",/ˈθɪətə/
tourist information centre,旅游信息中心
travel agency,旅行社
village,村庄
zoo,动物园,/zu:/
poster,海报
aeroplane,飞机
plane,飞机,/pleɪn/
helicopter,直升飞机
police car,警车
lorry,卡车
coach,长途汽车
airport,飞机场,/ˈeəpɔːt/
flight,"飞行, 航班",/flait/
journey,",旅行 旅程",/ˈdʒɜːni/
bridge,桥,/brɪdʒ/
petrol,汽油
petrol station,加油站
platform,站台,/ˈplætfɔːm/
suitcase,旅行箱；行李箱,/ˈsuːtkeɪs/
ticket,票,/ˈtɪkɪt/
tour guide,导游
tourist,",游客 旅游者"
driving licence,驾驶执照
engine,", 发动机"
luggage,行李,/ˈlʌɡɪdʒ/
mirror,镜子
motorway,高速公路
traffic,交通
canal,",水道 运河"
crossroads,十字路口
passenger,乘客
railway,铁路,/'reilwei/
roundabout,环形交叉道路
traffic lights,",红绿灯 交通灯"
wheel,车轮,"/wi:l,hw-/"
visitor,参观者
left,",左边 左边的",/left/
tour,",观光 旅游"
brake,刹车,/breik/
arrive,到达,/əˈraɪv/
leave,离开,/li:v/
carry,",提,抱 携带"
cross,横过
pack,把…打包
delay,延迟,/di'lei/
park,停车；公园,/p ɑ:k/
hurry,匆忙
through,穿过,/θru:/
tonight,今晚
underground,",秘密地 地下的；地铁",/ˈʌndəɡraʊnd/
crowded,拥挤的,/'kraudid/
terrible,糟糕的
famous,著名的
east,东方,/i:st/
north,北方
south,南方,/sau θ/
west,西方,/west/
country,国家
countryside,",农村 乡下"
flower,花,/ˈflaʊə/
hill,小山,/hil/
mountain,"山,山脉",/ˈmaʊntən/
ice,冰,/ais/
water,水,/ˈwɔːtə/
river,"江,河",/ˈrɪvə/
lake,湖,/leɪk/
sea,"海,海洋",/si:/
island,岛
beach,海滩,/biːtʃ/
space,",空间 ,太空 场地",/speis/
sky,天空,/skaɪ/
star,星星,/st ɑ:/
cloud,云,/klaud/
sun,太阳,/sʌn/
moon,月亮,/muːn/
weather,天气,/ˈweðə/
air,空气
fog,雾
wind,风,/waind/
storm,暴风雨,/stɔːm/
thunderstorm,雷雨
grass,草,/gr ɑ:s/
tree,树,/triː/
forest,森林,/ˈfɒrɪst/
wood,",木头 木材",/wud/
wool,羊毛,/wul/
world,世界
field,",场地 田地",/fi:ld/
fire,"火,起火"
plant,植物,/pl ɑ:nt/
rain,"雨,下雨",/rein/
snow,"雪,下雪"
grow,",生长 种植"
outdoor,户外的
foggy,有雾的,/ˈfɒɡi/
sunny,睛朗的；晴朗的,/ˈsʌni/
warm,温暖的,/wɔːm/
wet,湿的；潮湿的,/wet/
cold,冷的；寒冷的；感冒；寒冷,/kəʊld/
hot,热的；炎热的,/hɒt/
windy,有风的,/ˈwɪndi/
grandparent,祖父母,/ˈɡrænpeərənt/
parent,父母,/ˈpeərənt/
friendly,友好的,/ˈfrendli/
shy,害羞的,/ʃaɪ/
curly,卷曲的,/ˈkɜːli/
son,儿子
twin,双胞胎之一,/twɪn/
only child,独生子女,/ˈəʊnli tʃaɪld/
adult,成年人,/ˈædʌlt/
baby,婴儿,/ˈbeɪbi/
kind,善良的,/kaɪnd/
funny,有趣的,/ˈfʌni/
quiet,安静的,/ˈkwaɪət/
tall,高的,/tɔːl/
short,矮的；短的,/ʃɔːt/
beard,胡须,/bɪəd/
vegetables,蔬菜,/ˈvedʒtəblz/
delicious,美味的,/dɪˈlɪʃəs/
order,点餐,/ˈɔːdə/
apple,苹果,/ˈæpl/
banana,香蕉,/bəˈnɑːnə/
milk,牛奶,/mɪlk/
tea,茶,/tiː/
bread,面包,/bred/
rice,米饭,/raɪs/
fish,鱼；鱼肉,/fɪʃ/
beef,牛肉,/biːf/
pork,猪肉,/pɔːk/
egg,鸡蛋,/eɡ/
lunch,午餐,/lʌntʃ/
usually,通常地,/ˈjuːʒuəli/
hobby,爱好,/ˈhɒbi/
collect,收集,/kəˈlekt/
free time,空闲时间,/friː taɪm/
music,音乐,/ˈmjuːzɪk/
draw,画画,/drɔː/
paint,绘画；油漆,/peɪnt/
sing,唱歌,/sɪŋ/
dance,跳舞,/dɑːns/
play,玩耍；演奏,/pleɪ/
read,阅读,/riːd/
write,写,/raɪt/
swim,游泳,/swɪm/
run,跑,/rʌn/
ride,骑,/raɪd/
drive,驾驶,/draɪv/
travel,旅行,/ˈtrævl/
gardening,园艺,/ˈɡɑːdnɪŋ/
by,乘坐,/baɪ/
station,车站,/ˈsteɪʃn/
car,汽车,/kɑː/
bus,公交车,/bʌs/
train,火车,/treɪn/
bike,自行车,/baɪk/
boat,船,/bəʊt/
ship,大船；轮船,/ʃɪp/
taxi,出租车,/ˈtæksi/
map,地图,/mæp/
holiday,假期,/ˈhɒlədeɪ/
camping,露营,/ˈkæmpɪŋ/
subject,科目,/ˈsʌbdʒɪkt/
classmate,同学,/ˈklɑːsmeɪt/
homework,作业,/ˈhəʊmwɜːk/
exam,考试,/ɪɡˈzæm/
teacher,老师,/ˈtiːtʃə/
student,学生,/ˈstjuːdnt/
classroom,教室,/ˈklɑːsruːm/
desk,书桌,/desk/
board,黑板,/bɔːd/
pen,钢笔,/pen/
pencil,铅笔,/ˈpensl/
ruler,尺子,/ˈruːlə/
eraser,橡皮,/ɪˈreɪzə/
notebook,笔记本,/ˈnəʊtbʊk/
dictionary,字典,/ˈdɪkʃənri/
science,科学,/ˈsaɪəns/
history,历史,/ˈhɪstri/
geography,地理,/dʒiˈɒɡrəfi/
maths,数学,/mæθs/
PE,体育,/ˌpiː ˈiː/
language,语言,/ˈlæŋɡwɪdʒ/
university,大学,/ˌjuːnɪˈvɜːsəti/
shop,商店；购物,/ʃɒp/
price,价格,/praɪs/
cheap,便宜的,/tʃiːp/
expensive,昂贵的,/ɪkˈspensɪv/
money,钱,/ˈmʌni/
pay,支付,/peɪ/
cost,花费,/kɒst/
buy,买,/baɪ/
sell,卖,/sel/
spend,花费（时间/金钱）,/spend/
shopping centre,购物中心,/ˈʃɒpɪŋ ˈsentə/
clothes shop,服装店,/kləʊðz ʃɒp/
sale,促销；销售,/seɪl/
discount,折扣,/ˈdɪskaʊnt/
receipt,收据,/rɪˈsiːt/
cash,现金,/kæʃ/
online,网上；在线,/ˌɒnˈlaɪn/
size,尺码,/saɪz/
colour,颜色,/ˈkʌlə/
fit,合身；健康的,/fɪt/
rainy,下雨的,/ˈreɪni/
cloudy,多云的,/ˈklaʊdi/
snowy,下雪的,/ˈsnəʊi/
thunder,雷声,/ˈθʌndə/
lightning,闪电,/ˈlaɪtnɪŋ/
cool,凉爽的,/kuːl/
dry,干燥的,/draɪ/
season,季节,/ˈsiːzn/
sunshine,阳光,/ˈsʌnʃaɪn/
body,身体,/ˈbɒdi/
head,头,/hed/
face,脸,/feɪs/
ear,耳朵,/ɪə/
health,健康,/helθ/
healthy,健康的,/ˈhelθi/
ill,生病的,/ɪl/
fever,发烧,/ˈfiːvə/
cough,咳嗽,/kɒf/
stomach ache,胃痛,/ˈstʌmək eɪk/
exercise,锻炼,/ˈeksəsaɪz/
strong,强壮的,/strɒŋ/
shoes,鞋子,/ʃuːz/
boots,靴子,/buːts/
socks,袜子,/sɒks/
cap,棒球帽,/kæp/
scarf,围巾,/skɑːf/
gloves,手套,/ɡlʌvz/
watch,手表,/wɒtʃ/
sunglasses,太阳镜,/ˈsʌnɡlɑːsɪz/
jewellery,首饰,/ˈdʒuːəlri/
fashion,时尚,/ˈfæʃn/
put on,穿上,/pʊt ɒn/
take off,脱下；脱下；起飞,/teɪk ɒf/
animal,动物,/ˈænɪml/
pet,宠物,/pet/
cat,猫,/kæt/
dog,狗,/dɒɡ/
bird,鸟,/bɜːd/
rabbit,兔子,/ˈræbɪt/
horse,马,/hɔːs/
cow,奶牛,/kaʊ/
sheep,绵羊,/ʃiːp/
duck,鸭子,/dʌk/
elephant,大象,/ˈelɪfənt/
giraffe,长颈鹿,/dʒəˈrɑːf/
lion,狮子,/ˈlaɪən/
tiger,老虎,/ˈtaɪɡə/
monkey,猴子,/ˈmʌŋki/
panda,熊猫,/ˈpændə/
kangaroo,袋鼠,/ˌkæŋɡəˈruː/
dolphin,海豚,/ˈdɒlfɪn/
insect,昆虫,/ˈɪnsekt/
butterfly,蝴蝶,/ˈbʌtəflaɪ/
nature,自然,/ˈneɪtʃə/
time,时间,/taɪm/
clock,钟表,/klɒk/
hour,小时,/ˈaʊə/
today,今天,/təˈdeɪ/
tomorrow,明天,/təˈmɒrəʊ/
yesterday,昨天,/ˈjestədeɪ/
month,月份,/mʌnθ/
year,年,/jɪə/
birthday,生日,/ˈbɜːθdeɪ/
place,地方,/pleɪs/
house,房子,/haʊs/
room,房间,/ruːm/
street,街道,/striːt/
road,路,/rəʊd/
school,学校,/skuːl/
job,工作,/dʒɒb/
work,工作,/wɜːk/
vet,兽医,/vet/
police officer,警察,/pəˈliːs ˈɒfɪsə/
firefighter,消防员,/ˈfaɪəfaɪtə/
shop assistant,店员,/ʃɒp əˈsɪstənt/
chef,厨师,/ʃef/
scientist,科学家,/ˈsaɪəntɪst/
musician,音乐家,/mjuˈzɪʃn/
singer,歌手,/ˈsɪŋə/
sportsman,男运动员,/ˈspɔːtsmən/
office,办公室,/ˈɒfɪs/
salary,薪水,/ˈsæləri/
phone,电话,/fəʊn/
smartphone,智能手机,/ˈsmɑːtfəʊn/
laptop,笔记本电脑,/ˈlæptɒp/
tablet,平板电脑,/ˈtæblət/
TV,电视,/ˌtiː ˈviː/
television,电视节目,/ˈtelɪvɪʒn/
radio,收音机,/ˈreɪdiəʊ/
video,视频,/ˈvɪdiəʊ/
game,游戏,/ɡeɪm/
computer game,电脑游戏,/kəmˈpjuːtə ɡeɪm/
text,短信；文本,/tekst/
social media,社交媒体,/ˈsəʊʃl ˈmiːdiə/
app,应用程序,/æp/
download,下载,/ˌdaʊnˈləʊd/
upload,上传,/ˌʌpˈləʊd/
screen,屏幕,/skriːn/
keyboard,键盘,/ˈkiːbɔːd/
battery,电池,/ˈbætri/
charge,充电,/tʃɑːdʒ/
Wi-Fi,无线网络,/ˈwaɪ faɪ/
password,密码,/ˈpɑːswɜːd/
get up,起床,/ɡet ʌp/
wake up,醒来,/weɪk ʌp/
go to bed,去睡觉,/ɡəʊ tuː bed/
get dressed,穿好衣服,/ɡet drest/
have breakfast,吃早餐,/hæv ˈbrekfəst/
go home,回家,/ɡəʊ həʊm/
come back,回来,/kʌm bæk/
go out,外出,/ɡəʊ aʊt/
look for,寻找,/lʊk fɔː/
wait for,等待,/weɪt fɔː/
ask for,请求,/ɑːsk fɔː/
pay for,支付,/peɪ fɔː/
turn on,打开,/tɜːn ɒn/
turn off,关闭,/tɜːn ɒf/
look after,照顾,/lʊk ˈɑːftə/
look like,看起来像,/lʊk laɪk/
be good at,擅长,/biː ɡʊd æt/
be interested in,对...感兴趣,/biː ˈɪntrəstɪd ɪn/
be afraid of,害怕,/biː əˈfreɪd ɒv/
be bored with,对...感到无聊,/biː bɔːd wɪð/
be excited about,对...兴奋,/biː ɪkˈsaɪtɪd ə ˈbaʊt/
there is / there are,有,/ðeər ɪz/
a lot of,许多,/ə lɒt ɒv/
lots of,许多,/lɒts ɒv/
a few,几个（可数）,/ə fjuː/
a little,一点（不可数）,/ə ˈlɪtl/
some,一些,/sʌm/
any,一些；任何,/ˈeni/
much,许多（不可数）,/mʌtʃ/
many,许多（可数）,/ˈmeni/
a lot,很多,
able,能够,/ˈeɪbəl/
about,关于；大约,/ɐbˈaʊt/
above,在…上面,/əbˈʌv/
accommodation,住宿,/ɐkˌɒmədˈeɪʃən/
across,穿过；在对面,/əkɹˈɒs/
act,表演；行动,/ˈækt/
action,动作；行动,/ˈækʃən/
activity,活动,/æktˈɪvɪti/
actually,其实；实际上,/ˈæktʃuːəli/
ad,广告,/ˈæd/
add,加；添加,/ˈæd/
advanced,高级的,/ɐdvˈænst/
adventure,冒险；探险,/ɐdvˈɛntʃɐ/
advert,广告,/əd'və:t/
advice,建议,/ɐdvˈaɪs/
afraid,害怕的,/ɐfɹˈeɪd/
africa,非洲,/'æfrikə/
against,反对；对着,/ɐɡˈɛnst/
age,年龄,/ˈeɪdʒ/
aged,…岁的,/'eidʒid/
ago,以前,/ɐɡˈəʊ/
agree,同意,/ɐɡɹˈiː/
alarm clock,闹钟,
album,相册；专辑,/ˈælbəm/
all,全部；所有,/ˈɔːl/
all kinds of,各种各样的,
all right,好的；没事,
all sorts of,各种各样的,
all the time,一直；总是,
allow,允许,/ɐlˈaʊ/
almost,几乎,/ˈɔːlməʊst/
alone,独自,/ɐlˈəʊn/
along,沿着,/ɐlˈɒŋ/
alright,好的；没事,/ɔːlɹˈaɪt/
always,总是,/ˈɔːlweɪz/
amazed,惊讶的,/ɐmˈeɪzd/
amazing,令人惊叹的,/ɐmˈeɪzɪŋ/
among,在…之中,/ɐmˈʌŋ/
angry,生气的,/ˈæŋɡɹi/
another,另一个,/ɐnˈʌðɐ/
answer,回答；答案,/ˈɑːnsɐ/
antarctica,南极洲,/ænt'ɑ:ktikə/
anymore,不再,/ˌɛnɪmˈɔː/
anyway,反正；无论如何,/ˈɛnɪwˌeɪ/
apartment building,公寓楼,/əˈpɑ:tmənt ˈbildiŋ/
area,地区；面积,/ˈeəɹiə/
armchair,扶手椅,/ˈɑːmtʃeə/
around,周围；大约,/ɐɹˈaʊnd/
article,文章；物品,/ˈɑːtɪkəl/
as well,也,
asia,亚洲,/'eiʒə/
ask,问；请求,/ˈɑːsk/
at all,根本；一点也,
attractive,好看的；有吸引力的,/ɐtɹˈæktɪv/
australia,澳大利亚,/ɒ'streiljə/
available,可用的；有空的,/ɐvˈeɪləbəl/
away,离开；远离,/ɐwˈeɪ/
awesome,棒极了,/ˈɔːsʌm/
awful,糟糕的,/ˈɔːfəl/
back,后面的,/bˈæk/
backpack,远足用的背包；双肩背包,/bˈækpæk/
bad,坏的,/bˈæd/
badly,严重地；恶劣地,/bˈædli/
badminton,羽毛球运动,/bˈædmɪntən/
bake,烘焙；烤,/bˈeɪk/
ball,球；舞会,/bˈɔːl/
balloon,气球,/bəlˈuːn/
barbeque,(=barbecue)烤肉野餐,/bˈɑːbəkjˌuː/
baseball,棒球,/bˈeɪsbɔːl/
basketball,篮球,/bˈɑːskɪtbˌɔːl/
bat,蝙蝠；球棒,/bˈæt/
bath,沐浴；浴室,/bˈɑːθ/
bathing suit,游泳衣,
bathtub,浴缸,/bˈɑːθtʌb/
bean,豆子,/bˈiːn/
bear,熊,/bˈeə/
beautiful,美丽的,/bjˈuːtɪfəl/
because of,因为,
become,变成；变得,/bɪkˈʌm/
bed,床；睡眠处,/bˈɛd/
bee,蜜蜂；聚会,/bˈiː/
beetle,甲虫；大槌,/bˈiːtəl/
begin,开始,/bɪɡˈɪn/
beginner,初学者,/bɪɡˈɪnɐ/
beginning,开始,/bɪɡˈɪnɪŋ/
behind,在后地,/bɪhˈaɪnd/
believe,相信,/bɪlˈiːv/
belong,属于；合适,/bɪlˈɒŋ/
below,在下面,/bɪlˈəʊ/
beside,在旁边,/bɪsˈaɪd/
best,最好的,/bˈɛst/
better,较好的,/bˈɛtɐ/
between,在...之间,/bɪtwˈiːn/
bicycle,自行车,/bˈaɪsɪkəl/
big,大的；重要的,/bˈɪɡ/
bin,(贮存谷物等的)容器,/bˈɪn/
biology,生物学,/baɪˈɒlədʒi/
birth,出生；起源,/bˈɜːθ/
bit,少量；马嚼子,/bˈɪt/
blackboard,黑板,/blˈækbɔːd/
block,街区；木块,/blˈɒk/
blog,博客；部落格,/blˈɒɡ/
blond,金发的,/blˈɒnd/
blood,血；血统,/blˈʌd/
board game,用棋盘玩的游戏,/bɔ:d ɡeim/
boiled,煮沸的；(非正式)喝醉的,/bˈɔɪld/
bookcase,书架；书柜,/bˈʊkkeɪs/
bookstore,书店,/bˈʊkstɔː/
bored,无聊的；烦人的,/bˈɔːd/
boring,烦人的；无聊的,/bˈɔːɹɪŋ/
born,天生的,/bˈɔːn/
borrow,借；借入,/bˈɒɹəʊ/
boss,老板；上司,/bˈɒs/
both,两者的,/bˈəʊθ/
bother,烦扰；迷惑,/bˈɒðɐ/
bottom,底部,/bˈɒtəm/
box,盒子；箱,/bˈɒks/
boy,男孩,/bˈɔɪ/
boyfriend,男朋友,/bˈɔɪfɹɛnd/
bracelet,手镯,/bɹˈeɪslət/
brave,勇敢的；美好的,/bɹˈeɪv/
brazil,巴西,/bɹɐzˈɪl/
brazilian,巴西的；巴西人,/brə'ziljən/
break down,毁掉；制服,
bright,明亮的；聪明的,/bɹˈaɪt/
brilliant,光辉的；灿烂的,/bɹˈɪlɪənt/
bring,带来；产生,/bɹˈɪŋ/
bring back,拿回来；使回忆起来,
broken,坏掉的；打破的,/bɹˈəʊkən/
brush,刷子；毛笔,/bɹˈʌʃ/
build,建立；建筑,/bˈɪld/
bus stop,公共汽车站,
business,生意；事情,/bˈɪznəs/
business person,商人,/ˈbiznis ˈpə:sən/
businesswoman,商人；办理实务的人,/bˈɪznəswˌʊmən/
busy,忙碌的；热闹的,/bˈɪzi/
by accident,偶然,
by post,经邮局；通过邮寄,
by the way,在途中；顺便,
bye,再见,/bˈaɪ/
cabinet,橱柜；内阁,/kˈæbɪnət/
cafeteria,自助餐厅,/kˌæfɪtˈiəɹɪɐ/
café,咖啡馆,
calendar,日历；日程表,/kˈæləndɐ/
call,呼叫；访问,/kˈɔːl/
camel,骆驼；打捞浮筒,/kˈæməl/
camp,露营；帐篷,/kˈæmp/
canada,加拿大,/'kænədə/
canadian,加拿大的；加拿大人,/kə'neidiən/
candy,糖果；冰糖,/kˈændi/
cannot,无法；不能,/'kænɒt/
capital,首都；大写字母,/kˈæpɪtəl/
car park,停车场,/kɑ: pɑ:k/
career,事业；生涯,/kəɹˈiə/
careful,小心的；谨慎的,/kˈeəfəl/
carefully,小心地；谨慎地,/kˈeəfəli/
carpet,地毯；地毯状物,/'kɑ:pit/
cartoon,卡通画；漫画,/kɑːtˈuːn/
case,情形；情况,/kˈeɪs/
catch,捕捉；陷阱,/kˈætʃ/
cd,光盘,
cd player,激光唱机；CD播放器,
ceiling,天花板,/sˈiːlɪŋ/
celebrate,庆祝；祝贺,/sˈɛləbɹˌeɪt/
celebrity,名声；名人,/səlˈɛbɹɪti/
cell phone,手机,/sel fəun/
cent,分,/sˈɛnt/
center,中心；中心点,/sˈɛntɐ/
centimetre,厘米；公分,/sˈɛntɪmˌiːtɐ/
century,世纪；百年,/sˈɛntʃəɹi/
cereal,谷类食品；谷类植物,/sˈiəɹɪəl/
certainly,确定地,/sˈɜːtənli/
chain,链；枷锁,/tʃˈeɪn/
change,变化；找回的零钱,/tʃˈeɪndʒ/
channel,海峡；航道,/tʃˈænəl/
character,个性；字符,/kˈæɹɪktɐ/
chat,闲谈,/tʃˈæt/
chatroom,交谈室,/tʃˈætɹuːm/
chemistry,化学；化学过程,/kˈɛmɪstɹi/
cheque,支票,/tʃˈɛk/
chess,国际象棋,/tʃˈɛs/
chilli,红辣椒,/tʃˈɪli/
china,中国,/tʃˈaɪnɐ/
chinese,中文；中国的,/tʃai'ni:z/
choose,选择；宁愿,/tʃˈuːz/
circle,圆周；社交圈,/sˈɜːkəl/
circus,马戏团；马戏,/sˈɜːkəs/
city centre,市中心；城市商业中心区,/ˈsiti ˈsentə/
class,班级；阶级,/klˈɑːs/
classical,古典的；正统派的,/klˈæsɪkəl/
clean,干净的；清白的,/klˈiːn/
clear,清楚的；明确的,/klˈiə/
clearly,清楚地,/klˈiəli/
clever,聪明的；精明的,/klˈɛvɐ/
click,咔哒声；啪嗒声,/klˈɪk/
climb,攀登；上升,/klˈaɪm/
climbing,攀缘而登的；上升的,/klˈaɪmɪŋ/
close,结束；完结,/kləuz/
close to,接近于；靠近于,
closed,关闭的；限于少数人的,/klˈəʊzd/
closet,壁橱；小室,/klˈɒzɪt/
clown,小丑；乡下人,/klˈaʊn/
coast,海岸；滑坡,/kˈəʊst/
cola,结肠；冒号,/kˈəʊlɐ/
colleague,同事；同僚,/kˈɒliːɡ/
come,过来；来,/kˈʌm/
comedy,喜剧；有趣的事情,/kˈɒmədi/
comic,连环漫画；喜剧演员,/kˈɒmɪk/
complete,完全的；十足的,/kəmplˈiːt/
congratulations,祝贺词；祝贺语,/kənɡɹˈætʃʊlˈeɪʃənz/
contact,联系；交际,/'kɒntækt/
continue,继续；延续,/kəntˈɪnjuː/
cookie,饼干；小甜点,/kˈʊki/
cooking,烹饪,/kˈʊkɪŋ/
copy,副本；摹仿,/kˈɒpi/
correct,正确的；合适的,/kəɹˈɛkt/
costume,装束；服装,/kˈɒstjuːm/
course,课程；路线,/kˈɔːs/
court,法院；庭院,/kˈɔːt/
cover,盖子；封面,/kˈʌvɐ/
creature,人；动物,/kɹˈiːtʃɐ/
credit card,信用卡；记帐卡,
cricket,蟋蟀；板球,/kɹˈɪkɪt/
crocodile,鳄鱼,/kɹˈɒkədˌaɪl/
crossing,横越；横渡,/kɹˈɒsɪŋ/
crowd,群众；一伙人,/kɹˈaʊd/
cry,叫声；哭声,/kɹˈaɪ/
cup,杯子；茶杯,/kˈʌp/
curry,咖哩粉；咖哩饭菜,/kˈʌɹi/
curtain,帐；幕,/kˈɜːtən/
cut,切口；割伤,/kˈʌt/
cycle,周期；循环,/sˈaɪkəl/
cycling,骑脚踏车兜风；骑脚踏车消遣,/sˈaɪklɪŋ/
daily,每日的；日常的,/dˈeɪli/
dancer,舞蹈演员；跳舞者,/dˈɑːnsɐ/
dancing,舞蹈,/dˈɑːnsɪŋ/
danger,危险；威胁,/dˈeɪndʒɐ/
date,日期；约会,/dˈeɪt/
day,天；日子,/dˈeɪ/
dear,亲爱的人,/dˈiə/
decide,决定；判决,/dɪsˈaɪd/
deep,深的,/dˈiːp/
delayed,定时的；延时的,/dɪlˈeɪd/
deliver,递送；陈述,/dɪlˈɪvɐ/
department,部门；系,/dɪpˈɑːtmənt/
describe,描述；描绘,/dɪskɹˈaɪb/
desert,沙漠；应得的赏罚,/'dezət. di'sə:t/
design,设计；图样,/dɪzˈaɪn/
dessert,餐后甜点,/dɪzˈɜːt/
details,详细资料,/dˈiːteɪlz/
diary,日记,/dˈaɪəɹi/
difference,不同；差异,/dˈɪfɹəns/
different,不同的,/dˈɪfɹənt/
difficult,困难的,/dˈɪfɪkəlt/
digital,数字显示的；数字的,/dˈɪdʒɪtəl/
digital camera,数码相机,/ˈdidʒitəl ˈkæmərə/
dinosaur,恐龙,/dˈaɪnəsˌɔː/
directions,指示；方向,/daɪɹˈɛkʃənz/
dirty,肮脏的；卑鄙的,/dˈɜːti/
discover,发现；找到,/dɪskˈʌvɐ/
discuss,讨论；论述,/dɪskˈʌs/
dive,潜水；跳水,/dˈaɪv/
diving,潜水；跳水,/dˈaɪvɪŋ/
document,文件；公文,/'dɒkjumənt/
doll,洋娃娃；无头脑的美丽女人,/dˈɒl/
dollar,美元；元(加,/dˈɒlɐ/
donkey,驴子；笨蛋,/dˈɒŋki/
door,门,/dˈɔː/
dot,点；圆点,/dˈɒt/
double,两倍,/dˈʌbəl/
down,向下的,/dˈaʊn/
drawer,抽屉；开票人,/'drɒ:ə/
drawing,图画；制图,/dɹˈɔːɹɪŋ/
dream,梦；空想,/dɹˈiːm/
dressed,穿好衣服的；打扮好的,/dɹˈɛst/
drop,滴；微量,/dɹˈɒp/
drugstore,药房；杂货店,/dɹˈʌɡstɔː/
during,在...的时候,/djˈɔːɹɪŋ/
dvd,数字影碟,
dvd player,数字影碟机,
each,每个；每一,/ˈiːtʃ/
each other,彼此,
eagle,鹰；鹰状标饰,/ˈiːɡəl/
early,早的；早熟的,/ˈɜːli/
earring,耳环；耳饰,/ˈiəɹɪŋ/
easily,容易地；轻易地,/ˈiːzɪli/
easy,容易的；缓缓的,/ˈiːzi/
eat,吃；腐蚀,/ˈiːt/
eight,八,/ˈeɪt/
eighteen,十八,/eɪtˈiːn/
eighteenth,第十八,/ˈeɪtiːnθ/
eighth,第八,/ˈeɪtθ/
eighty,八十,/ˈeɪti/
electric,电的；导电的,/ɪlˈɛktɹɪk/
electricity,电；电流,/ɪlɛktɹˈɪsɪtˌi/
elevator,电梯；升降机,/ˈɛlɪvˌeɪtɐ/
eleven,十一,/ɪlˈɛvən/
eleventh,第十一,/ɪlˈɛvənθ/
else,别的；其他的,/ˈɛls/
empty,空的；空虚的,/ˈɛmpti/
end,结束；终点,/ˈɛnd/
enjoy,享受；喜欢,/ɛndʒˈɔɪ/
enough,充足；够,/ɪnˈʌf/
enter,进入；参加,/ˈɛntɐ/
envelope,信封；封套,/'envələup/
environment,环境；外界,/ɛnvˈaɪɹənmənt/
equipment,装备；设备,/ɪkwˈɪpmənt/
especially,尤其；特别,/ɪspˈɛʃəlˌi/
euro,欧元（欧盟的统一货币单位）,/jˈɔːɹəʊ/
europe,欧洲,/'juərəp/
event,事件；结果,/ɪvˈɛnt/
ever,曾经；究竟,/ˈɛvɐ/
every,每一；所有的,/ˈɛvɹi/
exactly,确切地；精确地,/ɛɡzˈæktli/
examination,考试；测验,/ɛɡzˌæmɪnˈeɪʃən/
example,例子；样本,/ɛɡzˈɑːmpəl/
excellent,优良的；杰出的,/ˈɛksələnt/
except,除；除外,/ɛksˈɛpt/
excited,兴奋的；已励磁的,/ɛksˈaɪtɪd/
exciting,令人兴奋的；刺激的,/ɛksˈaɪtɪŋ/
excuse,原谅；申辩,/ik'skju:z/
experience,经历；经验,/ɛkspˈiəɹɪəns/
experiment,实验；试验,/ɛkspˈɛɹɪmənt/
explain,解释；说明,/ɛksplˈeɪn/
explore,探险；探测,/ɛksplˈɔː/
explorer,探险家；探测者,/ɛksplˈɔːɹɐ/
extinct,熄灭的；灭绝的,/ɛkstˈɪŋkt/
extra,额外的事物；另外的收费,/ˈɛkstɹɐ/
fact,事实；真实性,/fˈækt/
fail,失败；缺乏,/fˈeɪl/
fair,展览会；市集,/fˈeə/
fall over,被…绊倒；意外地从…上跌落,/fɔ:l ˈəuvə/
fan,风扇；迷,/fˈæn/
fantastic,奇妙的；稀奇的,/fɑːntˈæstɪk/
far,远的；久远的,/fˈɑː/
farmer,农夫；农场主,/fˈɑːmɐ/
fast,快速的；紧的,/fˈɑːst/
fast food,速食；快餐,/fɑ:st fu:d/
fat,脂肪；脂油,/fˈæt/
favourite,喜欢的事物,/fˈeɪvɹɪt/
feelings,感情；情绪,/fˈiːlɪŋz/
festival,节日的；喜庆的,/fˈɛstɪvəl/
few,很少的；不多的,/fjˈuː/
fifteen,十五,/fɪftˈiːn/
fifteenth,第十五,/fˈɪftiːnθ/
fifth,第五,/fˈɪfθ/
fifty,五十,/fˈɪfti/
file,档案；公文箱,/fail/
fill,装满；填充,/fˈɪl/
fill in,填充；填写,
film,软片；薄膜,/fˈɪlm/
final,期末考试；结局,/fˈaɪnəl/
finally,最后；终于,/fˈaɪnəli/
find,发现；感到,/fˈaɪnd/
find out,找出；发现,
fine,罚款；罚金,/fain/
finish,完成；结束,/'finiʃ/
first,第一,/fˈɜːst/
first name,名,
first of all,首先,
fishing,钓鱼；鱼业,/fˈɪʃɪŋ/
five,五,/fˈaɪv/
fix,使固定；修理,/fˈɪks/
fly,苍蝇；两翼昆虫,/flˈaɪ/
folder,文件夹；折纸机,/fˈəʊldɐ/
follow,跟随；沿行,/fˈɒləʊ/
food,食物；养料,/fˈuːd/
football,足球；橄榄球,/fˈʊtbɔːl/
football player,足球运动员,/ˈfutbɔ:l ˈpleɪə/
footballer,足球员；足球选手,/fˈʊtbɔːlɐ/
for sale,待售,
foreign,外国的；外省的,/fˈɒɹən/
forget,忘记；忽略,/fəɡˈɛt/
forty,四十,/fˈɔːti/
four,四,/fˈɔː/
fourteen,十四,/fɔːtˈiːn/
fourteenth,第十四,/fˈɔːtiːnθ/
fourth,第四,/fˈɔːθ/
france,法国,/frɑ:ns/
free,免费的；自由的,/fɹˈiː/
french,法语；法国的,/fɹˈɛntʃ/
french fries,炸薯条,/frentʃ fraɪz/
fresh,新鲜的；新奇的,/fɹˈɛʃ/
frightened,受惊吓的；受惊的,/fɹˈaɪtənd/
frog,青蛙,/fɹˈɒɡ/
front,前面；开头,/fɹˈʌnt/
full,满的,/fˈʊl/
fun,乐趣；玩笑,/fˈʌn/
fur,毛皮,/fˈɜː/
further,更远的；此外的,/fˈɜːðɐ/
future,未来；将来,/fjˈuːtʃɐ/
gallery,走廊；最高楼座,/ɡˈæləɹi/
garlic,大蒜,/ɡˈɑːlɪk/
gas,气体；汽油,/ɡˈæs/
gas station,加油站,
get,得到；获得,/ɡˈɛt/
get back,回来；恢复,
get fit,健身；塑型,/ɡet fit/
get married,结婚；结亲,/ɡet ˈmærid/
get off,下来；脱下,
get on,生活；融洽相处,
gift,礼物；赠予,/ɡˈɪft/
girl,女孩；少女,/ɡˈɜːl/
girlfriend,女朋友,/ɡˈɜːlfɹɛnd/
give,弹性；适应性,/ɡˈɪv/
give back,归还；恢复,
give somebody a call,给某打电话,
give somebody a ring,给某打电话,
glad,高兴的；喜欢的,/ɡlˈæd/
glass,玻璃；玻璃杯,/ɡlˈɑːs/
glove,手套,/ɡlˈʌv/
go,去；走,/ɡˈəʊ/
goal,目标；终点,/ɡˈəʊl/
goat,山羊；替罪羊,/ɡˈəʊt/
gold,黄金；钱财,/ɡˈəʊld/
golden,金的；含金的,/ɡˈəʊldən/
golf,高尔夫球,/ɡˈɒlf/
good,善行；好处,/ɡˈʊd/
good afternoon,下午好,
good evening,晚上好,
good morning,早上好,
good night,晚安；再见,
good-looking,相貌好看的；吸引人的,
goodbye,再见,/ɡʊdbˈaɪ/
grade,等级；年级,/ɡɹˈeɪd/
gramme,克,/græm/
grandad,爷爷；老太爷,/ɡɹˈændæd/
granddad,爷爷；老太爷,/ɡɹˈændæd/
granny,奶奶；老奶奶,/ɡɹˈæni/
great,大的；非常的,/ɡɹˈeɪt/
grocery store,杂货店；食品店,
ground,土地；战场,/ɡɹˈaʊnd/
group,团体；组,/ɡɹˈuːp/
grow up,成熟；成年,
guess,猜测；臆测,/ɡˈɛs/
guess what,你猜怎么着,
guest-house,高级寄宿舍；宾馆,/ɡˈɛsthaʊs/
guy,支索,/ɡˈaɪ/
gym,+体育馆；体育训练,/dʒˈɪm/
half,一半；半场,/hˈɑːf/
half-price,半价,/'hɑ:f'prais/
handbag,手提包,/hˈændbæɡ/
happen,发生；发生,/hˈæpən/
happy,快乐的；幸福的,/hˈæpi/
harbour,港；避难所,/hˈɑːbɐ/
hard,坚硬的；硬的,/hˈɑːd/
hate,憎恨；恨,/hˈeɪt/
have got to,必须；不得不,/hæv gɔt tu:/
have to,不得不；只好,/ˈhæv tə/
headphones,听筒；耳机,/hˈɛdfəʊnz/
headteacher,中小学的校长,/hˈɛdtiːtʃɐ/
hear,听到；倾听,/hˈiə/
heating,加热；供热,/hˈiːtɪŋ/
heavy,重的；巨大的,/hˈɛvi/
hello,你好,/həlˈəʊ/
help,帮忙；帮助者,/hˈɛlp/
helpful,有帮助的；有益的,/hˈɛlpfəl/
here,在这里；此时,/hˈiə/
hers,她的,/hˈɜːz/
herself,她自己；她亲自,/hɜːsˈɛlf/
hey,嗨,/hˈeɪ/
hi,嗨；你好,/hˈaɪ/
high,高度；高处,/hˈaɪ/
himself,他自己；他亲自,/hɪmsˈɛlf/
hip hop,希普霍普,/hip hɔp/
hippo,河马,/hˈɪpəʊ/
hit,打击；打,/hˈɪt/
hockey,冰球；曲棍球,/hˈɒki/
hold,把握；把持力,/hˈəʊld/
home,家；避难所,/hˈəʊm/
honey,蜂蜜；甜蜜,/hˈʌni/
hoodie,有冠乌鸦,/'hjdi/
hope,希望；信心,/hˈəʊp/
horrible,可怕的；遭透的,/hˈɒɹɪbəl/
horror,惊骇；恐怖,/hˈɒɹɐ/
housewife,主妇；家庭妇女,/'hauswaif/
how,如何；怎样,/hˈaʊ/
however,然而；无论如何,/haʊˈɛvɐ/
huge,极大的；巨大的,/hjˈuːdʒ/
hundred,百,/hˈʌndɹəd/
ice skating,滑冰,/ais ˈskeɪtɪŋ/
id,遗传素质；本能冲动,/ˌaɪdˈiː/
id card,身份证,
idea,主意；办法,/aɪdˈiə/
identification,识别；身份证明,/aɪdˈɛntɪfɪkˈeɪʃən/
immediately,直接地；立刻,/ɪmˈiːdɪətli/
important,重要的；有地位的,/ɪmpˈɔːtənt/
impossible,不可能的；难以置信的,/ɪmpˈɒsəbəl/
improve,改良；提高...的价值,/ɪmpɹˈuːv/
in front of,在...前面,
include,包括；把...算入,/ɪnklˈuːd/
including,包含；包括,/ɪnklˈuːdɪŋ/
india,印度,/'indjə/
indian,印度的；印度人,/'indiən/
indoor,户内的；室内的,/ˈɪndɔː/
indoors,在户内,/ɪndˈɔːz/
ingredient,成分；因素,/ɪnɡɹˈiːdiənt/
inside,内部；内脏,/'in'said/
instead,作为替代；反而,/ɪnstˈɛd/
instead of,代替,
instructions,指令,/ɪnstɹˈʌkʃənz/
instrument,工具；手段,/ˈɪnstɹəmənt/
interested,感兴趣的,/ˈɪntɹəstɪd/
interesting,有趣的,/ˈɪntɹəstɪŋ/
international,国际的,/ˌɪntənˈæʃənəl/
into,进入...之内；朝...,/ˈɪntʊ/
invent,发明；创作,/ɪnvˈɛnt/
invention,发明；创作能力,/ɪnvˈɛnʃən/
invitation,邀请；请柬,/ɪnvɪtˈeɪʃən/
invite,邀请；请求,/in'vait/
ireland,爱尔兰,/'aiələnd/
irish,爱尔兰的；爱尔兰人,/'airiʃ/
italian,意大利语；意大利的,/i'tæljən/
italy,意大利,/'itəli/
itself,它本身；它自己,/ɪtsˈɛlf/
jazz,爵士乐；喧闹,/dʒˈæz/
jellyfish,水母；海蜇,/dʒˈɛlɪfɪʃ/
join,参加；结合,/dʒˈɔɪn/
jump,跳跃；跳动,/dʒˈʌmp/
jumper,跳跃者；工作服,/dʒˈʌmpɐ/
keep,生计；维持,/kˈiːp/
key,钥匙；键,/kˈiː/
kick,踢；反冲,/kˈɪk/
kid,小山羊；小山羊肉,/kˈɪd/
kids,小山羊,/kˈɪdz/
king,国王；君主,/kˈɪŋ/
kiss,吻,/kˈɪs/
kit,装备；工具箱,/kˈɪt/
kite,风筝；筝帆,/kˈaɪt/
kitten,小猫；淘气姑娘,/kˈɪtən/
know,知道；了解,/nˈəʊ/
lamp,灯,/lˈæmp/
large,大的；大量的,/lˈɑːdʒ/
last,最后的；末尾的,/lˈɑːst/
late,迟的；晚的,/lˈeɪt/
later,以后；随后,/lˈeɪtɐ/
latest,最近的,/lˈeɪtəst/
laugh,笑；笑声,/lˈɑːf/
lazy,懒惰的；怠惰的,/lˈeɪzi/
learn,学习；认识到,/lˈɜːn/
least,最少；最小,/lˈiːst/
left-hand,左侧的；左手的,
lend,借；贷款给,/lˈɛnd/
length,长度；长,/lˈɛŋθ/
less,较少；较小,/lˈɛs/
lesson,课；课业,/lˈɛsən/
let,让；假设,/lˈɛt/
letter,信；字母,/lˈɛtɐ/
level,水平；水准,/lˈɛvəl/
life,生活；生命,/lˈaɪf/
like,相似的；同样的,/lˈaɪk/
line,列；线,/lˈaɪn/
link,环；连结物,/lˈɪŋk/
list,目录；名单,/lˈɪst/
listen,听；倾听,/lˈɪsən/
little,一点点；少许,/lˈɪtəl/
live,活的；生动的,/liv.laiv/
lizard,蜥蜴,/lˈɪzəd/
local,地方性的；当地的,/lˈəʊkəl/
long,长的；长久的,/lˈɒŋ/
look,一看；神色,/lˈʊk/
look at,看；考虑,
look out,面朝；留神,
lose,遗失；损失,/lˈuːz/
lost,失去的；遗失的,/lˈɒst/
lots,大量；许多,/lˈɒts/
loud,大声的；不断的,/lˈaʊd/
lovely,可爱的；有趣的,/lˈʌvli/
low,低点；低价,/lˈəʊ/
luck,运气；幸运,/lˈʌk/
luckily,幸运地；幸亏,/lˈʌkili/
lucky,幸运的；吉祥的,/lˈʌki/
lunchtime,午餐时间,/lˈʌntʃtaɪm/
mad,疯狂的；发疯的,/mˈæd/
mail,邮件；邮政,/mˈeɪl/
make,制造；安排,/mˈeɪk/
make sure,确定,
make-up,捏造,/mˈeɪkʌp/
man,男人；人类,/mˈæn/
manager,经理；管理员,/mˈænɪdʒɐ/
mango,芒果,/mˈæŋɡəʊ/
mark,标志；分数,/mˈɑːk/
match,比赛；火柴,/mˈætʃ/
matter,事件；物质,/mˈætɐ/
maybe,也许；大概,/mˈeɪbiː/
mean,低劣的；卑贱的,/mˈiːn/
meet,会；集会,/mˈiːt/
meeting,会议；会面,/mˈiːtɪŋ/
melon,瓜；甜瓜,/mˈɛlən/
member,成员；会员,/mˈɛmbɐ/
memory,记忆；记忆力,/mˈɛməɹˌi/
metal,金属；金属制品,/mˈɛtəl/
microphone,扩音器；麦克风,/mˈaɪkɹəfˌəʊn/
midday,正午；中午,/mˌɪddˈeɪ/
middle,中央；中间,/mˈɪdəl/
million,百万；无数,/mˈɪliən/
mind,思想；愿望,/mˈaɪnd/
mine,矿；矿藏,/mˈaɪn/
minus,负号；不足,/mˈaɪnəs/
miss,失误；避免,/mˈɪs/
missing,不见的；缺少的,/mˈɪsɪŋ/
mistake,错误；误会,/mɪstˈeɪk/
mix,混合物；混乱,/mˈɪks/
mobile,移动的；易变的,/'məubil/
model,模型；模范,/mˈɒdəl/
modern,现代人；有思想的人,/mˈɒdən/
mom,妈妈,/mˈɒm/
monthly,月刊,/mˈʌnθli/
more,更多,/mˈɔː/
most,最多；最大,/mˈəʊst/
motorbike,机动脚踏两用车；摩托车,/mˈəʊtəbˌaɪk/
move,移动；迁居,/mˈuːv/
movie,电影,/mˈuːvi/
movie star,电影明星,/ˈmu:vi stɑ:/
movie theater,电影院,
mug,有柄大杯；脸,/mˈʌɡ/
mushroom,蘑菇形物；蘑菇,/mˈʌʃɹuːm/
musical,音乐片；音乐舞台剧,/mjˈuːzɪkəl/
myself,我自己；我亲自,/maɪsˈɛlf/
name,名字；名称,/nˈeɪm/
national,国家的；国立的,/nˈæʃənəl/
nationality,国籍；国家,/nˌæʃənˈælɪti/
natural,白痴,/nˈætʃəɹəl/
near,近的；近亲的,/nˈiə/
nearly,几乎；密切地,/nˈiəli/
necklace,项链,/nˈɛkləs/
need,需要；必须,/nˈiːd/
nervous,神经紧张的；不安的,/nˈɜːvəs/
nest,巢；窝,/nˈɛst/
net,网；网状物,/nˈɛt/
never,从不；决不,/nˈɛvɐ/
new,新的；陌生的,/njˈuː/
news,新闻；消息,/njˈuːz/
next,下一个,/nˈɛkst/
next to,几乎,
nice,美好的；和蔼的,/nais/
nine,九,/nˈaɪn/
nineteen,十九,/naɪntˈiːn/
nineteenth,第十九,/nˈaɪntiːnθ/
ninety,九十,/nˈaɪnti/
ninth,第九,/nˈaɪnθ/
no one,没有人,/nəu wʌn/
noise,噪音；杂音,/nˈɔɪz/
noisy,嘈杂的；喧闹的,/nˈɔɪzi/
normal,常态；标准,/nˈɔːməl/
north america,北美洲,
notice,注意；布告,/nˈəʊtɪs/
now,现在；刚才,/nˈaʊ/
number,数；数字,/'nʌmbə/
o'clock,...点钟；钟头,/əklˈɒk/
ocean,海洋；广阔,/ˈəʊʃən/
of course,当然,
off,关着的；不再生效的,/ˈɒf/
offer,给予(物)；出价,/ˈɒfɐ/
often,时常；常常,/ˈɒfən/
oh,(表示惊讶；恐怖,/ˈəʊ/
oh dear,哎呀；天呐,
oil,油；石油,/ˈɔɪl/
old,以前；往昔,/ˈəʊld/
olympic,奥林匹亚的；奥林匹斯山的,/əu'limpik/
once,一次；曾经,/wˈɒns/
one,一,/wˈɒn/
open,公开；户外,/ˈəʊpən/
opinion,意见；评价,/əpˈɪniən/
opposite,相对的；相反的,/ˈɒpəsˌɪt/
other,其他的；另外的,/ˈʌðɐ/
ours,我们的,/ˈaʊəz/
ourselves,我们自己,/aʊəsˈɛlvz/
out,外面的；熄灭的,/ˈaʊt/
out of,在...外；离开...,
outdoors,户外；野外活动,/aʊtdˈɔːz/
outside,外面；外表,/'aut'said/
oven,烤箱；灶,/ˈʌvən/
over,结束；越过,/ˈəʊvɐ/
own,自己的,/ˈəʊn/
page,页；记录,/pˈeɪdʒ/
painting,画；绘画,/pˈeɪntɪŋ/
pair,一双；一对,/pˈeə/
pale,栅栏；界线,/pˈeɪl/
paper,纸；文件,/pˈeɪpɐ/
paragraph,段落；短评,/pˈæɹəɡɹˌæf/
pardon,原谅；赦免,/pˈɑːdən/
parking lot,停车场,/'pɑ:kiŋ/
parrot,鹦鹉；应声虫,/pˈæɹət/
part,部分；局部,/pˈɑːt/
partner,合伙人；股东,/pˈɑːtnɐ/
party,宴会；党,/pˈɑːti/
pass,经过；要隘,/pˈɑːs/
past,过去；昔时,/pˈɑːst/
path,路径；小路,/pɑ:θ/
pc,个人电脑,
pear,梨子；梨树,/pˈeə/
pence,(非正式)copper便士,/pˈɛns/
pencil case,铅笔盒,
penfriend,<英>笔友,/ˈpenfrend/
penguin,企鹅；空军地勤人员,/pˈɛŋɡwɪn/
penny,便士；一分,/pˈɛni/
people,人；人民,/pˈiːpəl/
per,每一；通过,/pˈɜː/
perfect,完成时,/'pə:fikt/
perform,进行；履行,/pəfˈɔːm/
performance,施行；工作情况,/pəfˈɔːməns/
perfume,香水；香气,/'pə:fju:m/
perhaps,也许；大概,/pəhˈæps/
person,人；人身,/pˈɜːsən/
photo,相片；照片,/fˈəʊtəʊ/
photograph,相片；照片,/fˈəʊtəɡɹˌæf/
physics,物理学；物理过程,/fˈɪzɪks/
piano,钢琴,/pɪˈænəʊ/
pick up,掘地；捡起,
picture,图画；照片,/pˈɪktʃɐ/
piece,块；片,/pˈiːs/
pity,遗憾；同情,/pˈɪti/
plan,计划；方案,/plˈæn/
plastic,塑料；可塑体,/plˈɑːstɪk/
player,竞赛者；上场队员,/plˈeɪɐ/
playground,运动场；操场,/plˈeɪɡɹaʊnd/
pleasant,愉快的；可爱的,/plˈɛzənt/
please,请,/plˈiːz/
pleased,高兴的；喜欢的,/plˈiːzd/
plus,加上；加,/plˈʌs/
point,点；小数点,/pˈɔɪnt/
polar bear,北极熊,
police,警察；警察当局,/pəlˈiːs/
police station,警察分局,
polite,有礼貌的；文雅的,/pəlˈaɪt/
pool,池；水塘,/pˈuːl/
poor,贫穷的；贫乏的,/pˈɔː/
poor thing,真可怜,
poor you,真可怜（你）,
pop,砰然声；枪击,/pˈɒp/
popular,通俗的；流行的,/pˈɒpjʊlɐ/
port,港口；埠,/pˈɔːt/
possible,可能的；潜在的,/pˈɒsəbəl/
possibly,可能；也许,/pˈɒsəbli/
post,柱；杆,/pˈəʊst/
pound,磅；英镑,/pˈaʊnd/
practise,实践；实行,/pɹˈæktɪs/
prefer,宁可；较喜欢,/pɹɪfˈɜː/
prepare,准备；筹备,/pɹɪpˈeə/
pretty,漂亮的；优美的,/pɹˈɪti/
print,打印；版,/pɹˈɪnt/
printer,印刷工；打印机,/pɹˈɪntɐ/
probably,大概；或许,/pɹˈɒbəbli/
program,节目；节目单,/pɹˈəʊɡɹæm/
pull,拉；拖,/pˈʊl/
pupil,学生；门生,/pjˈuːpəl/
puppy,小狗；小动物,/pˈʌpi/
push,推；推动,/pˈʊʃ/
put,放；摆,/put/
puzzle,难题；迷惑,/pˈʌzəl/
queen,王后；女王,/kwˈiːn/
question,问题；询问,/kwˈɛstʃən/
quick,快的；迅速的,/kwˈɪk/
quickly,很快地,/kwˈɪkli/
quite,相当；完全,/kwait/
quiz,考查；课堂测验,/kwˈɪz/
race,种族；人种,/ɹˈeɪs/
racket,球拍；喧闹,/ɹˈækɪt/
rainforest,雨林,/ɹˈeɪnfˌɒɹɪst/
rap,轻敲；拍击,/ɹˈæp/
reading,阅读；知识,/'ri:diŋ/
ready,预备好的状态；现款,/ɹˈɛdi/
real,真的；真实的,/'riəl/
really,实际上；真实地,/ɹˈiəli/
reason,理由；原因,/ɹˈiːzən/
receive,收到；接到,/ɹɪsˈiːv/
recently,最近,/ɹˈiːsəntli/
recipe,食谱；处方,/ɹˈɛsɪpˌiː/
record,记录；履历,/ri'kɒ:d/
refrigerator,电冰箱；冷藏库,/ɹɪfɹˈɪdʒəɹˌeɪtɐ/
relax,放松；松懈,/ɹɪlˈæks/
relaxing,令人轻松的,/ɹɪlˈæksɪŋ/
remember,记得；回忆起,/ɹɪmˈɛmbɐ/
rent,租金；房租,/ɹˈɛnt/
repair,修理；补救,/ri'pєə/
repeat,重复；反复,/ɹɪpˈiːt/
rest,休息；睡眠,/ɹˈɛst/
return,回来；返回,/ri'tə:n/
review,检讨；复习,/ri'vju:/
rich,富裕的；富饶的,/ɹˈɪtʃ/
riding,骑；乘车,/ɹˈaɪdɪŋ/
right,权利；右边,/ɹˈaɪt/
right hand,右手,
ring,环；环形物,/ɹˈɪŋ/
rock,岩石；岩礁,/ɹˈɒk/
round,圆；圆形物,/ɹˈaʊnd/
rubber,橡皮；橡胶,/ɹˈʌbɐ/
rugby,橄榄球；橄榄球赛,/ɹˈʌɡbi/
runner,跑步者；赛跑者,/ɹˈʌnɐ/
running,赛跑；流出,/ɹˈʌnɪŋ/
sad,忧愁的；悲哀的,/sˈæd/
safe,保险箱；冷藏室,/sˈeɪf/
sail,帆；篷,/sˈeɪl/
sailing,航行；航海术,/sˈeɪlɪŋ/
same,相同的；同样的,/sˈeɪm/
sauce,酱油；调味汁,/sˈɔːs/
sausage,香肠；腊肠,/sˈɒsɪdʒ/
save,救球,/sˈeɪv/
say,说；讲,/sˈeɪ/
scared,害怕的；担惊受怕的,/skˈeəd/
scary,容易受惊的；胆小的,/skˈeəɹi/
schoolchild,学童,/skˈuːltʃaɪld/
scissors,剪刀,/sˈɪsəz/
scooter,小型摩托车；踏板车,/skˈuːtɐ/
score,得分；抓痕,/skˈɔː/
seat,座；座位,/sˈiːt/
see,看见；查看,/sˈiː/
seem,象是；似乎,/sˈiːm/
selfie,自拍照,/'sel.fi/
send,发送；使进入,/sˈɛnd/
sentence,句子；命题,/sˈɛntəns/
serious,严肃的；认真的,/sˈiəɹɪəs/
serve,可作...用；服务,/sˈɜːv/
set,日落；同伙,/sˈɛt/
seven,七,/sˈɛvən/
seventeen,十七,/sˌɛvəntˈiːn/
seventeenth,第十七,/sˈɛvəntˌiːnθ/
seventh,第七,/sˈɛvənθ/
seventy,七十,/sˈɛvənti/
several,几个的；一些的,/sˈɛvɹəl/
shame,羞耻；羞愧,/ʃˈeɪm/
shampoo,洗头；洗发剂,/ʃæmpˈuː/
share,部分；参与,/ʃˈeə/
shark,鲨鱼；骗子,/ʃˈɑːk/
sheet,床单；张,/ʃˈiːt/
shelf,架子；搁板,/ʃˈɛlf/
shopper,购物者,/ʃˈɒpɐ/
shopping,买东西；购物,/ʃˈɒpɪŋ/
shout,呼喊；喊声,/ʃˈaʊt/
show,显示；表现,/ʃˈəʊ/
shut,关闭,/ʃˈʌt/
side,旁边；侧,/sˈaɪd/
sightseeing,观光；游览,/sˈaɪtsiːɪŋ/
sign,符号；招牌,/sˈaɪn/
silver,银；银币,/sˈɪlvɐ/
similar,相似的；类似的,/sˈɪmɪlɐ/
simple,简单的；普通的,/sˈɪmpəl/
since,自...以后；自...以来,/sˈɪns/
singing,歌唱；歌声,/sˈɪŋɪŋ/
single,单身的；单程的,/sˈɪŋɡəl/
sink,藏垢的场所；沟渠,/sˈɪŋk/
sit,坐；就座,/sˈɪt/
sit down,坐下；占据,
site,位置；场所,/sˈaɪt/
six,六,/sˈɪks/
sixteen,十六,/sɪkstˈiːn/
sixteenth,第十六,/sˈɪkstiːnθ/
sixth,第六,/sˈɪksθ/
sixty,六十,/sˈɪksti/
skate,溜冰；冰鞋,/skˈeɪt/
skateboard,溜冰板,/skˈeɪtbɔːd/
skateboarding,滑板运动,/skˈeɪtbɔːdɪŋ/
skating,溜冰,/skˈeɪtɪŋ/
ski,滑雪橇,/skˈiː/
skiing,滑雪运动；滑雪术,/skˈiːɪŋ/
sleep,睡眠；静止,/slˈiːp/
slim,瘦的；苗条的,/slˈɪm/
slow,慢的；缓慢的,/slˈəʊ/
slowly,慢慢地；迟缓地,/slˈəʊli/
small,小的；少的,/smˈɔːl/
smart,聪明的；漂亮的,/smˈɑːt/
smoke,烟；雾气,/smˈəʊk/
smoking,抽烟；冒烟,/smˈəʊkɪŋ/
snail,蜗牛；行动迟缓的人,/snˈeɪl/
snake,蛇；阴险的人,/snˈeɪk/
snowboard,滑雪板,/snˈəʊbɔːd/
snowboarding,测雪板snowboa,/snˈəʊbɔːdɪŋ/
soccer,英式足球,/sˈɒkɐ/
sock,短袜；鞋垫,/sˈɒk/
soft,软的；温和的,/sˈɒft/
software,软件,/sˈɒftweə/
sometimes,有时；时常,/sˈʌmtaɪmz/
song,歌；曲,/sˈɒŋ/
soon,不久；早,/sˈuːn/
sorry,难过的；悲哀的,/sˈɒɹi/
sort,种类；方式,/sˈɔːt/
sound,声音；语音,/sˈaʊnd/
south america,南美洲,
spain,西班牙,/spein/
spanish,西班牙语；西班牙的,/'spæniʃ/
spare,剩余；备用品,/spˈeə/
speak,说；说话,/spˈiːk/
speaker,说话人；讲演者,/spˈiːkɐ/
special,专辑；专车,/spˈɛʃəl/
spell,符咒；魅力,/spˈɛl/
spelling,拼；拼字,/spˈɛlɪŋ/
spider,蜘蛛；设圈套者,/spˈaɪdɐ/
spoon,匙；调羹,/spˈuːn/
sport,运动；游戏,/spˈɔːt/
stage,阶段；舞台,/stˈeɪdʒ/
stairs,楼梯,/stˈeəz/
stamp,印；邮票,/stˈæmp/
stand,站立；站住,/stˈænd/
start,惊起；出发,/stˈɑːt/
stay,停留；逗留,/stˈeɪ/
steal,剽窃；偷偷地做,/stˈiːl/
stop,停止；车站,/stˈɒp/
store,商店；贮藏,/stˈɔː/
story,故事；小说,/stˈɔːɹi/
straight,直线；直,/stɹˈeɪt/
strange,奇怪的；陌生的,/stɹˈeɪndʒ/
strawberry,草莓,/stɹˈɔːbəɹi/
striped,有斑纹的,/stɹˈaɪpt/
stripes,条子布,/stɹˈaɪps/
studies,研究；学习,/stˈʌdɪz/
study,学习；研究,/stˈʌdi/
stuff,原料；要素,/stˈʌf/
success,成功；成就,/səksˈɛs/
successful,成功的；一帆风顺的,/səksˈɛsfəl/
such,如此的；这样的,/sˈʌtʃ/
suddenly,突然；意外,/sˈʌdənli/
supper,晚餐,/sˈʌpɐ/
suppose,推想；假设,/sʌpˈəʊz/
sure,确信；必然的,/ʃˈɔː/
surf,海浪；拍岸浪,/sˈɜːf/
surfboard,冲浪板；用冲浪板滑水,/sˈɜːfbɔːd/
surfboarding,用冲浪板滑水,
surfing,冲浪运动,/sˈɜːfɪŋ/
surprise,惊奇；奇袭,/səpɹˈaɪz/
surprised,感到惊讶的,/səpɹˈaɪzd/
surprising,令人惊讶的,/səpɹˈaɪzɪŋ/
swan,天鹅；天鹅星座,/swˈɒn/
swimming,游泳；眩晕,/swˈɪmɪŋ/
swimming pool,游泳池,/ˈswɪmɪŋ pu:l/
swimsuit,游泳衣,/swˈɪmsuːt/
table,桌子；餐桌,/tˈeɪbəl/
table tennis,乒乓球,
tail,尾部；后部,/tˈeɪl/
take,拿；取,/tˈeɪk/
take part,参加比赛,/teik pɑ:t/
talk,谈话；交谈,/tˈɔːk/
tasty,好吃的；可口的,/tˈeɪsti/
teach,教；讲授,/tˈiːtʃ/
team,队；组,/tˈiːm/
technology,技术；工业技术,/tɛknˈɒlədʒi/
telephone,电话；电话机,/tˈɛlɪfˌəʊn/
tell,告诉；说,/tˈɛl/
ten,十,/tˈɛn/
tennis,网球,/tˈɛnɪs/
tennis player,网球选手；网球运动员,/ˈtenis ˈpleɪə/
tent,帐篷；帷幕,/tˈɛnt/
tenth,第十,/tˈɛnθ/
term,术语；专有名词,/tˈɜːm/
test,测试；试验,/tˈɛst/
text message,正文消息,/tekst ˈmesidʒ/
textbook,教科书,/tˈɛkstbʊk/
thank,谢意；感谢,/θˈæŋk/
thank you,谢谢你,/θæŋk ju:/
thanks,谢谢,/θˈæŋks/
theirs,他们的,/ðˈeəz/
themselves,他们自己；她们自己,/ðɛmsˈɛlvz/
there,在那里,/ðˈeə/
thin,薄的；细的,/θˈɪn/
thing,事物；东西,/θˈɪŋ/
think,想；考虑,/θˈɪŋk/
third,第三,/θˈɜːd/
thirteen,十三,/θɜːtˈiːn/
thirteenth,第十三,/θˈɜːtiːnθ/
thirtieth,第三十,/θˈɜːtiəθ/
thirty,三十,/θˈɜːti/
thirty-first,第三十一,/'θɜ:ti:f'ɜ:st/
thousand,千,/θˈaʊzənd/
three,三,/θɹˈiː/
throw,投；掷,/θɹˈəʊ/
tidy,椅子的背罩；装杂物的容器,/tˈaɪdi/
tidy up,整理,
tie,带子；线,/tˈaɪ/
till,直到；在...以前,/tˈɪl/
timetable,时间表,/tˈaɪmteɪbəl/
tired,疲累的；疲乏的,/tˈaɪəd/
title,头衔；名称,/tˈaɪtəl/
toast,吐司；烤面包,/tˈəʊst/
toe,足趾；趾部,/tˈəʊ/
together,一起；共同,/təɡˈɛðɐ/
top,顶部；顶端,/tˈɒp/
topic,主题；论题,/tˈɒpɪk/
tortoise,龟；行动迟缓的人,/tˈɔːtəs/
total,全体的；总的,/tˈəʊtəl/
town,城镇；市,/tˈaʊn/
toy,玩具；小玩艺儿,/tˈɔɪ/
traffic light,红绿灯,
trainer,训练员；驯马师,/tɹˈeɪnɐ/
training,训练；培养,/tɹˈeɪnɪŋ/
tram,电车轨道；煤车,/tɹˈæm/
transport,运输；运输工具,/træns'pɒ:t/
trip,旅行；绊倒,/tɹˈɪp/
trouble,烦恼；麻烦,/tɹˈʌbəl/
true,真实的；正确的,/tɹˈuː/
try,尝试；试验,/tɹˈaɪ/
tune,歌曲；主旋律,/tjˈuːn/
turn,转弯；转动,/tˈɜːn/
twelfth,第十二,/twˈɛlfθ/
twelve,十二,/twˈɛlv/
twentieth,第二十,/twˈɛntiəθ/
twenty,二十,/twˈɛnti/
twenty-eighth,第二十八,
twenty-fifth,第二十五,
twenty-first,第二十一,/ˈtwenti: fə:st/
twenty-fourth,第二十四,
twenty-ninth,第二十九,
twenty-second,第二十二,/ˌtwentɪ'sekənd/
twenty-seventh,第二十七,
twenty-sixth,第二十六,
twenty-third,第二十三,/ˌtwentɪ'θɜ:d/
twice,两次；两倍,/twˈaɪs/
two,二,/tˈuː/
type,类型；样式,/tˈaɪp/
tyre,轮胎,/tˈaɪə/
under,在...之下；低于,/ˈʌndɐ/
understand,理解；了解,/ˌʌndəstˈænd/
unfortunately,恐怕；不幸的是,/ʌnfˈɔːtʃənətli/
unhappy,不快乐的；不幸的,/ʌnhˈæpi/
unusual,不寻常的；罕见的,/ʌnjˈuːʒuːəl/
up,向上的；起床的,/ˈʌp/
upset,弄翻的；混乱的,/ʌp'set/
upstairs,楼上的,/'ʌp'stєəz/
use,使用；习惯,/ju:s/
useful,有用的；有益的,/jˈuːsfəl/
usual,平常的；通常的,/jˈuːʒuːəl/
variety,多样；种类,/vəɹˈaɪəti/
various,不同的；各种的,/vˈeəɹɪəs/
versus,对...,/vˈɜːsɪz/
video game,电视游戏,
view,视野；风景,/vjˈuː/
violin,小提琴,/vaɪəlˈɪn/
visit,拜访；访问,/vˈɪzɪt/
vocabulary,词汇(量)；词汇表,/vəʊkˈæbjʊləɹi/
volleyball,排球,/vˈɒlɪbˌɔːl/
wait,等待；等候,/wˈeɪt/
wake,叫醒；激发,/wˈeɪk/
walk,走；散步,/wˈɔːk/
walking,步行；步态,/wˈɔːkɪŋ/
wall,墙；墙壁,/wˈɔːl/
want,需要的东西；缺乏,/wˈɒnt/
wardrobe,衣橱；衣室,/wˈɔːdɹəʊb/
wash,洗；洗涤,/wˈɒʃ/
wash up,洗手洗脸；洗餐具,
washing machine,洗衣机,
washing-up,洗餐具；待洗餐具,
way,路；路线,/wˈeɪ/
web,网；蛛丝,/wˈɛb/
web page,WEB页,
weekday,周日；平日,/wˈiːkdeɪ/
weekly,周刊；周报,/wˈiːkli/
welcome,欢迎；欢迎词,/wˈɛlkʌm/
well,井；泉水,/wˈɛl/
well known,众所周知的；出名的,/wel nəʊn/
whale,鲸,/wˈeɪl/
what,什么,/wˈɒt/
where,在哪里,/wˈeə/
which,哪一个；那一个,/wˈɪtʃ/
who,谁,/hˈuː/
whole,全部；全体,/hˈəʊl/
whose,谁的,/hˈuːz/
why,为什么,/wˈaɪ/
wide,宽的；广阔的,/wˈaɪd/
wifi,基于IEEE8021,
wild,荒野；荒地,/wˈaɪld/
wildlife,野生动植物,/wˈaɪldlaɪf/
win,赢得；打胜,/wˈɪn/
window,窗户；窗子,/wˈɪndəʊ/
windsurfing,帆板运动,/wˈɪndsɜːfɪŋ/
wing,翅膀；翼,/wˈɪŋ/
winner,胜利者；优胜者,/wˈɪnɐ/
wish,希望；愿望,/wˈɪʃ/
without,没有；不,/wɪðˈaʊt/
woman,女人；妇女,/wˈʊmən/
wonderful,令人惊奇的；奇妙的,/wˈʌndəfəl/
wooden,木制的；呆笨的,/wˈʊdən/
word,话；消息,/wˈɜːd/
work out,设计出；作出,
worker,工人；劳动者,/wˈɜːkɐ/
working hours,工作时间,
worried,担心的；闷闷不乐的,/wˈʌɹɪd/
worry,担心；烦恼,/wˈʌɹi/
worse,更坏的事；更恶劣的事,/wˈɜːs/
worst,最坏；最坏的时候,/wˈɜːst/
would prefer,宁愿；更喜欢,
wow,(非正式)哇,/wˈaʊ/
write down,写下；写文章贬低,
writer,作家；撰稿者,/ɹˈaɪtɐ/
writing,书写；著作,/ɹˈaɪtɪŋ/
wrong,错误的；不正当的,/ɹˈɒŋ/
yeah,(非正式)是；是的,/jˈɛh/
yoghurt,酸乳；酸奶,/jˈɒɡət/
yogurt,酸乳酪,/jˈɒɡɜːt/
young,年轻的；无经验的,/jˈʌŋ/
yours,你的(东西)；你们的(东西),/jˈɔːz/
yourself,你自己,/jɔːsˈɛlf/
zebra,斑马,/zˈɛbɹɐ/
zero,零；零点,/zˈiəɹəʊ/
